,Job Title,Salary Estimate,Job Description,Rating,Company Name,Location,Headquarters,Size,Founded,Type of ownership,Industry,Sector,Revenue,Competitors
0,Social Media Marketing Analyst,-1,"Social Media Marketing Analyst


JOB DESCRIPTION

When scrolling through your social media feed, are you ever surprised at how timely and relevant the sponsored advertisements are? Have you ever wondered how those ads are created and why you were targeted for that specific campaign? Social Media platforms allow a unique window into the lives of consumers; you will be able to meet consumers where they are and help our clients grow their businesses by creating eye-catching, interesting, timely, and relevant suggestions of retail products for consumers to purchase.

Our Social Media Team constructs, manages, optimizes, and reports the performance of the sponsored ads that users see while browsing platforms such as Facebook, Instagram, Pinterest, and Snapchat. Our team has an immediate opening for a smart, creative, and proactive team player to create, manage and optimize successful Social Media Paid Advertising Campaigns for a portfolio of clients.

If you are searching for a position in paid social media digital marketing where you can showcase your strong analytical and creative skills, this may be the position for you!

ESSENTIAL RESPONSIBILITIES
Analyze the performance of all social media platforms (Facebook, Instagram, Pinterest, and Snapchat) by translating quantitative and qualitative data into comprehensible recommendations for the campaign strategy.
Implement successful bidding strategies for target audiences.
Use statistical analysis to draw conclusions about advertising campaigns and make changes accordingly.
Produce creative and eye-catching Facebook, Instagram, Pinterest, and Snapchat advertisements (i.e. writing text, headlines and news feed link descriptions) in order to drive qualified visitors to clients’ websites.
Meet clients’ goals and expectations by performing ad creative testing and audience analysis.
Communicate with clients on a regular basis to keep them in the know about timelines, budgets, reporting, and analysis.
Present data analysis to clients via Google Slides and Google Data Studio.
Continually monitor, revise and optimize advertising campaigns as necessary.
Perform other duties as assigned by the Social Media Advertising Team Lead.

ESSENTIAL QUALIFICATIONS
Bachelor’s degree in Business, Marketing, Economics, Statistics or a related field from an accredited university
2 years of previous experience managing paid social media campaigns
High level of proficiency in Excel
Intense intellectual curiosity, proven leadership experience, and excellent organization and prioritization skills
Agency experience preferred",3.8,"ROI Revolution
3.8","Raleigh, NC","Raleigh, NC",51 to 200 employees,2002,Company - Private,Advertising & Marketing,Business Services,Unknown / Non-Applicable,-1
1,Paid Media Analyst,-1,"As a Paid Media Analyst, you will be a critical member of our team responsible for managing paid search account activities including regular reporting, data & profitability analysis, campaign testing & flawless execution of day-to-day tasks. Executing on a paid search account, the candidate is expected to be able to think analytically and optimize our paid media campaigns across a robust mix of digital channels including, but not limited to, video, mobile, display, and social to drive awareness and engagement for the business. As we work in a variety of industries, our interview process is designed to determine the right placement for our candidates as we are looking for talent across a variety of different teams.

What You'll Do:
Create and execute innovative paid search campaigns
Reporting and analyzing paid digital marketing campaigns across a variety of platforms including Facebook, Twitter, native channels, fixed fee buys, sponsored emails, etc.
Internal communication on analysis of campaigns to stakeholders up and down the organization.
Day-to-day account management including campaign optimization, audience creation, budget management, and testing ideation and execution.
Strategizing and coordinating with design and content teams to develop assets for paid execution.
What We're Looking For:
1-3 years working in a digital marketing role, ideally on paid marketing execution.
Experience in Google Analytics, Facebook Power Editor, Excel and SQL – a plus – building and maintaining campaigns with strategic organization.
Experience working within a complex scope of paid digital marketing including: campaign planning and execution in multiple platforms, audience identification and targeting, ad creative ideation and production, bid/budget management and strategy, and measurement/results analyses.
Data-driven marketers with superior analytical and quantitative skills who think creatively to decide testing methodologies and optimize campaigns to deliver results.
Strong problem solving and analytical skills.
Self-starter with willingness to drive the business forward and take real ownership of tasks, tactics and strategy.
Strong team player with ability to communicate effectively across a plethora of functional roles.
Consistency in bringing new ideas to the table and always being willing to evolve and adapt.
Who We Are:

Founded in 2000, Red Ventures is a portfolio of growing digital businesses that bring consumers and brands together through integrated e-commerce, strategic partnerships and many proprietary brands including Bankrate, AllConnect.com and Reviews.com. Headquartered south of Charlotte, NC, Red Ventures has over 3000 employees in offices across the US, as well as London and Sao Paulo. For more information, visit www.redventures.com.

At Red Ventures we believe that diversity makes us stronger - at work and in the world. Red Ventures is an equal opportunity employer that does not discriminate against any employee or applicant because of race, creed, color, religion, gender, sexual orientation, gender identity/expression, national origin, disability, age, genetic information, veteran status, marital status, pregnancy or any other basis protected by law. Employment at Red Ventures is based solely on a person's merit and qualifications.",3.2,"Red Ventures
3.2","Charlotte, NC","Fort Mill, SC",1001 to 5000 employees,2000,Company - Private,Advertising & Marketing,Business Services,$1 to $2 billion (USD),"Clearlink, Credit Karma, LendingTree"
2,Paid Social Media Analyst,-1,"At Wildfire, our Strategy team is structured to oversee all communications planning, consumer insights, research, strategic planning, and media projects. We believe that bringing disciplines together into a tight-knit, efficient group leads to a more holistic approach to the process and drives truly effective and breakthrough work. Social Media is an integral part of the Strategy team, and Wildfire’s Digital Influence capability as a whole.

Wildfire is seeking a data-driven, energetic, and innovative Paid Social Media Analyst contributing to all things social – working closely with the creative team and communication/paid media strategists to build engaging communities on social media platforms. You’ll report to the Digital Media Strategist and support a wide variety of Clients across categories and budget levels. The ideal candidate will assist in developing strategic social media solutions as well as manage the tactical execution and results of social media campaigns (organic and paid), monitoring results and effectiveness & optimizing on areas of opportunity.

We are looking for someone who is passionate about new and emerging trends and innovation in the social media space. The right candidate will thrive in a creative and entrepreneurial environment and use their own inherent creativity to solve problems.

Responsibilities:
Develop a deep and comprehensive understanding of Clients’ businesses and their social media presence, across multiple industries and ad
Assist in meeting client business objectives via execution of social media ad delivery primarily across Facebook, Instagram, YouTube, LinkedIn.
Coordinate inputs from representatives across multiple agency disciplines to use in evaluation of Client social media accounts & execution of strategic paid social media plans/recommendations.
Assist Digital Media Strategist in authoring and presenting social media advertising strategies for clients.
Maintain pulse and deep understanding of audience buying tactics & bidding strategies for paid campaigns across social media platforms.
Primary party responsible for communication of all social media campaign components prior to launch (working closely with internal account & creative teams).
Execute and moderate social media campaigns across platforms.
Analyze & recommend campaign adjustments based on performance trends and KPIs.
Assist in developing flighting of ad messaging & tactical execution across various social media platforms, per recommendations in approved communications plans or media plans.
Author campaign reports on social channel activity, including analysis of content and results as well as suggested optimizations moving forward. Communicate campaign successes, failures, and optimizations for future campaigns to both internal team and
Track and reconcile paid social flighting, budgets, and expenses by channel and
Manage social media communities for Clients with active social media campaigns- manage responses & engagement with online communities in an authentic, genuine way on behalf of various Clients and in accordance to established community management guidelines.
Proactively self-educate regarding new social media opportunities (targeting, features, trends) and channels to improve Clients’ businesses.
Become the agency expert on social channel strategies, best practices, and consumer behavior within social platforms. Actively contribute to overall account strategy, including analyzing performance against KPIs, new tactics, and tracking industry developments.
Contribute to development of agency level or client-level POVs relating to industry happenings in the social media space.
Occasionally contribute and assist in new business pitches/materials relating to social media, as needed.
Participate in agency-level professional development trainings, and all trainings related specifically to social media or digital media.
Requirements/Qualifications:
Please provide a link to your personal social media presence on your resume, or sample portfolio work of social media content.
Bachelor’s Degree, preferably in a communications, media, or advertising-focused area.
1-2+ years’ experience in paid social media or community management. Prior workplace experience in a digital agency a plus.
Active user and participant on social media platforms and their analytics. Deep experience with Facebook, Instagram, YouTube and LinkedIn with an understanding of platform trends.
Understanding of pay-per-click principles related to paid social. Knowledge of how to (re)structure campaigns to optimize performance and drive down CPA.
Prior experience with content creation & management online (i.e. social platforms, online communities, websites) preferred.
Strong Microsoft Office skill (Word, Excel, Powerpoint) & Google Suite products (Google Docs, Google Slides, Google Calendar).
Experience in a social media management tool (Hootsuite, Sprout Social, etc) preferred.
Experience in Google DataStudio or Google Tag Manager a plus.
Wildfire, LLC is an equal opportunity employer.",3.9,"Wildfire
3.9","Winston-Salem, NC","Winston Salem, NC",1 to 50 employees,-1,Company - Private,Advertising & Marketing,Business Services,$1 to $5 million (USD),-1
3,2020 Summer Internship - Data Analyst,-1,"More than a career - a chance to make a difference in people's lives.


Build an exciting, rewarding career with us – help us make a difference for millions of people every day. Consider joining the Duke Energy team, where you'll find a friendly work environment, opportunities for growth and development, recognition for your work, and competitive pay and benefits.

Position Summary

The Data Analyst Internship is Duke Energy’s premier technical development summer internship position for the high-potential, presently enrolled college student seeking to increase their knowledge foundation and skills in the fields of data analytics and data science at the country’s largest electric power holding company. This internship position will assist in the candidate’s respective academia and future career.

The Data Analyst Summer Internship will take place in Duke Energy’s Enterprise Data Analytics organization. This intern will experience complex intellectual challenges, participate on and be responsible for a variety of compelling business and technical ventures, and gain on-the-job experience in the areas of process improvement, analysis, and numerous technological tools, platforms, applications, and systems. Successful interns will gain familiarity with the organization and the company’s business operations by networking with other Interns and more senior level employees, as well as honing their own skills for future, practical application.

Basic Qualifications
Cumulative GPA of 2.75 or higher
Enrolled in a bachelor’s degree program as a rising Junior or Senior
Enrolled in an IT, Data Analytics or related major, such as Computer Science, Data Engineering, or Data Science. Two or fewer years of full-time IT or data related work experience
Desired Qualifications
Exposure to or familiarity with web application design and development, data management and analytics, and customer experience analysis
Cumulative GPA of 3.0 or higher
Exposure to or familiarity with database design principles, SQL, Java script, web development and Google Analytics
Exposure to or familiarity with Python, R, SAS, Microsoft BI suite, Microsoft Office applications
Leadership potential or skills displayed through extracurricular activities (e.g., intramurals, boy/girl scouts, clubs and organizations)
Ability to excel in a variety of roles
Professional and effective written and verbal communication skills
Ability to work collaboratively in a team setting
Community service, volunteer experience
Self-driven, motivated, and proactive
Travel Requirements

Not required
Relocation Assistance Provided (as applicable)
No
Represented/Union Position
No
Visa Sponsored Position
No

Posting Expiration Date

Tuesday, March 24, 2020

All job postings expire at 12:01 AM on the posting expiration date.

Please note that in order to be considered for this position, you must possess all of the basic/required qualifications.",3.6,"Duke Energy
3.6","Charlotte, NC","Charlotte, NC",10000+ employees,1917,Company - Public,Energy,"Oil, Gas, Energy & Utilities",$10+ billion (USD),-1
4,Media Operations Specialist,-1,"ConsumerTrack™ is unique in the digital marketing and media industry - we combine marketing, digital, content and fintech. Our performance based approach increases brand awareness and generates targeted audience engagement on our internal web properties and partner sites.

Learn More About What We Do

ConsumerTrack is looking for a Media Operations Specialist to manage inventory and maximize client budget fulfillment through ad performance and efficient campaign trafficking for owned and operated (O&O) properties and partner placements. This role will work with the publisher team and media team to manage publisher relationships, supporting through publisher onboarding, inventory management, and campaign performance.

Responsibilities:
Media launch & lifecycle - support publisher team on day-to-day maintenance (offer changes due to budgets/quality), media reports, recaps, compliance, invoicing
Tracking the publishers supply/inventory (ad impressions) while assuring highest possible fill rates
Inventory management (creative placements on owned and operated and network)
Budget fulfillment management (publisher budget allocations)
Product performance optimization (offer row position and qualifier page)
Maintain records in Salesforce to ensure publisher shared and campaigns reflect the most accurate and up-to-date information.
Building ad hoc reports for vendors
Coordinate with yield analyst and ad ops for any campaign changes (pricing/budget updates, compliance updates, etc)
Administrative ticketing (ie. rate updates, campaign pauses, budget updates, etc.)
Requirements
2+ years’ experience in a yield optimization, inventory management, sales operations, or product management role. Digital experience is a MUST
Proven business sense and problem solving, critical thinking, project management, and analytical skills
Ability to answer client questions and prepare recommendations that proactively address any concerns
In-depth knowledge of digital advertising sales
Ability to initiate and drive projects to completion with minimal guidance
Excellent written, verbal, and interpersonal skills
Comfortable dealing with changing environments and making decisions for the team
Able to work independently as well as collaboratively within a team environment, handling multiple projects, and meeting tight deadlines under pressure
Benefits
Competitive salary with excellent growth opportunity; we pride ourselves in having a team that exudes leadership, high initiative, creativity and passion.
Awesome medical, dental and vision plans with heavy employer contribution
Paid maternity leave and paternity leave programs
Complimentary gym membership (located 0.2 miles from office!)
Paid vacation, holidays, and sick days
Flexible time/work from home (for eligible employees)
Company funding for outside classes and conferences to help you improve your skills
Contribution to student loan debt payments after the first year of employment
401(k) -- employees can start contributing immediately. After the first year, CTI contributes 100% of the first 4% contributed of salary deferrals
Fully stocked kitchen with snacks and beverages.
We are an equal-opportunity employer, and all qualified applicants will receive consideration for employment without regard to race, color, religion, sex, national origin, disability status, protected veteran status, or any other characteristic protected by law.",3.1,"ConsumerTrack
3.1","Charlotte, NC","El Segundo, CA",51 to 200 employees,2004,Company - Private,Advertising & Marketing,Business Services,$25 to $50 million (USD),-1
5,Senior Media Planner / Media Supervisor,-1,"Four-year degree is required.
Minimum 4 years agency/digital media planning experience required.
Strong Excel and PowerPoint skills required
You must be eligible to work in the United States to be considered for this role.

This contractor and subcontractor shall abide by the requirements of 41 CFR ?? 60-1.4(a), 60-300.5(a) and 60-741.5(a). These regulations prohibit discrimination against qualified individuals based on their status as protected veterans or individuals with disabilities, and prohibit discrimination against all individuals based on their race, color, religion, sex, or national origin. Moreover, these regulations require that covered prime contractors and subcontractors take affirmative action to employ and advance in employment individuals without regard to race, color, religion, sex, national origin, protected veteran status or disability.

https://www.dol.gov/ofccp/regs/compliance/posters/pdf/eeopost.pdf

https://www.dol.gov/ofccp/regs/compliance/posters/pdf/OFCCP_EEO_Supplement_Final_JRF_QA_508c.pdf
We are looking for a Senior Media Planner or Media Supervisor to join our Winston-Salem Mediahub team.

Mediahub is one the hottest and fastest growing media shops in the U.S. and was just named Ad Age's 2019 Media Agency of the Year. This is coming off the heels of being named a leader in Forrester's first ever wave of major media shops and in 2018 we were Adweek's U.S. Media Agency of the Year.

The person in this role will be required to maintain a strong knowledge of your clients' business to deliver against their needs and objectives.

The Media Planner will be the day-to-day steward for an assigned client(s), including accurate budget flow and control of media activity. The person in this role will be required to maintain a strong knowledge of the clients' business to deliver against their needs and objectives.

Responsibilities include, but are not limited to:
Display a mastery of media fundamentals.
Supervise, mentor and grow Assistant Planners reporting to this person.
Gather and analyze appropriate research to provide sound and strategic consumer insight driven media recommendations.
Show a keen interest in and knowledge of emerging trends across the media landscape.
Ensure proper planning and execution of media plans by monitoring buys/schedules.
Demonstrate proficiency with industry systems/tools (Kantar, comScore, etc).
Build trustworthy relationships internally, with agency partners and with clients and appropriately respond to client needs.",3.1,"Mullen
3.1",North Carolina,"Boston, MA",501 to 1000 employees,1970,Subsidiary or Business Segment,Advertising & Marketing,Business Services,$50 to $100 million (USD),"Droga5, Arnold"
6,"Digital Strategist, Paid Media",-1,"Overview

We're looking for a Digital Strategist, Paid Media expert to join our ranks. An individual deeply ingrained in digital and social media culture, and who understands the dynamics of online and off-line community-building. This individual will play a crucial supportive role at Ketchum, helping clients reach and engage with enthusiast communities; playing an active role in business development; helping develop and evangelize a company-wide perspective on the use of emerging media. In other words, the ideal candidate is someone who thrives on working in a highly visible, brain-bending, massively multitasking capacity at the cutting edge where communications and technology come together.

The Digital Strategist, Paid Media expert will serve as a supporting strategist and network educator across Ketchum and Ketchum Digital on current and emerging paid media platforms and 360 advertising options. This position will also maintain and grow relationships between advertising platforms and Ketchum owned digital paid media agency partners. This position works across our Global network in one of the most critical, fastest growing areas of one of our most exciting teams.

About the Job

Paid Media Integration
Assist Paid team leadership in driving development and execution of paid digital media strategies
Assist senior digital strategy / account teams with the integration and measurement of paid media into Ketchum new and existing client programs
Foster platform relationships with paid vendors including but not limited to: Facebook, Instagram, Pinterest, Snapchat, Twitter, Taboola, Outbrain, LinkedIn, Google, YouTube, and many more digital partners
Perform media planning, media campaign execution, media budget management, monitoring, and measurement/reporting
Establish relationships across the network to streamline paid media efforts and facilitate network-wide paid media trainings: capabilities, best practice, case studies, etc.
Participate in online certifications and professional development of teams
Digital Strategy and Business Development
Demonstrate professional experience in emerging media, with a clear understanding how to apply tools and technology to infuse innovative digital and social strategies into new and existing work
Continually grow understanding and knowledge of client business and their competitive environment; apply this information in preparing and presenting focused programs and recommendations
Assist in education of internal peers and external clients on paid media and digital trends
Identify and assist in building new service offerings in relation to paid media
Build and present concepts and programs, both for clients and for new business proposals and opportunities
Monitor paid media plans and budgets for profitability; report status to client and agency management on a regular basis
Qualifications
Minimum of 2-4 years professional interactive work experience; agency or client-side experience
Bachelor's degree with a concentration in marketing/business/PR/Communications or related field preferred
Experience generating brand/client awareness through existing and emerging social media and online communities and platforms
Experience running paid advertising campaigns on social media (Facebook, Instagram, Twitter, LinkedIn, Pinterest), native advertising and sponsored content, programmatic, video distribution, Google and YouTube ads, and more
Successful track record of building and presenting strategic paid media programs, recommendations and tactics for clients and effectively executing programs
Solid grasp of social, digital, influencer, word-of-mouth marketing, personal and professional experience across the digital and social space, and knowledge of emerging trends and technologies
Strong understanding of community engagement and online campaign experience
Ability to translate paid media platforms, technologies and metrics into succinct, compelling, conversational language for a variety of audiences
An individual who thrives in a fast-paced, dynamic environment, working effectively with colleagues and clients across organizations and geographies
IND13

#LI-ML1

About Ketchum

As a global communications consultancy with 90 plus years of experience, Ketchum is a trusted partner who is equal parts creative and analytical. Ketchum is a place where all perspectives and points of view are welcome and encouraged. We are a collection of communications specialists, content creators, creatives, researchers, data analysts, media pros, digital strategists, issues and crisis counselors, and tech nerds. And we love when those worlds collide to create the very best teams and solutions for our clients. We work with the world's leading brands, emerging start-ups, and everything in between. We are beyond proud to have created some of the most celebrated and award-winning campaigns in our industry. We're just crazy enough to think we can impact the world and how it responds to ideas through communication.

We encourage our employees to be curious, brave, inspiring, and a force for good. Let's talk. Come belong at Ketchum!

What we offer
Robust benefits program
Generous time off policies
Retirement program with company match
Workplace flexibility
Business casual dress code
Workplace and off-site social gatherings
Yoga @ work
Professional learning and development opportunities
Tuition reimbursement
Paid maternity/paternity leave
Transit benefits
Interested? We've got an opportunity for you.

SDL2017",3.6,"Ketchum, Inc.
3.6","Raleigh, NC","New York, NY",1001 to 5000 employees,1923,Subsidiary or Business Segment,Advertising & Marketing,Business Services,Unknown / Non-Applicable,-1
7,Senior Media Buyer - Entertainment and Media Industry Opportunity,-1,"We are seeking a Senior Media Buyer to join our Winston-Salem Mediahub team.Mediahub is one the hottest and fastest growing media shops in the U.S. and was just named Ad Age's 2019 Media Agency of the Year. This is coming off the heels of being named a leader in Forrester's first ever wave of major media shops and in 2018 we were Adweek's U.S. Media Agency of the Year.

The role of the Senior Media Buyer is to negotiate and purchase local media (TV, radio, cable, online, video) in ""spot"" media markets. Candidate must have strong negotiations savvy and solid TV & cable ratings projection skills.

A history of positive maintenance and posting track records are also important.

Requirements
Four-year degree is required.
5-7 years current experience as a local market media buyer.

You must be eligible to work in the United States to be considered for this role.

This job description is subject to change at any time.

Work is regularly performed in a professional office environment and routinely uses standard office equipment. The work environment characteristics described here are representative of those an employee encounters while performing the essential functions of this job. Reasonable accommodations may be made to enable individuals with disabilities to perform the essential functions.

ACCESSIBILITY NOTICE: If you need a reasonable accommodation for any part of the employment process due to a physical or mental disability, please send an email to: disabilityaccommodations@mullenlowe.com - please include your location in the subject line of your email (BOS, NY, LA, WNS)

MullenLowe is an EEO/AA M/F/Disability/Vet Employer.
MullenLowe participates in E-Verify.",3.1,"Mullen
3.1","Winston-Salem, NC","Boston, MA",501 to 1000 employees,1970,Subsidiary or Business Segment,Advertising & Marketing,Business Services,$50 to $100 million (USD),"Droga5, Arnold"
8,Unified Communication Telecom Analyst,-1,"Everyone communicates. It’s the essence of the human experience. How we communicate is evolving. Technology is reshaping the way we live, learn and thrive. The epicenter of this transformation is the network—our passion. Our experts are rethinking the purpose, role and usage of networks to help our customers increase bandwidth, expand capacity, enhance efficiency, speed deployment and simplify migration. From remote cell sites to massive sports arenas, from busy airports to state-of-the-art data centers— we provide the essential expertise and vital infrastructure your business needs to succeed. The world’s most advanced networks rely on CommScope connectivity.

CommScope is searching for a Unified Communication Telecom Analyst to be located in Hickory, NC, Suwanee, GA or Richardson, TX.

Who you’ll work with:

Join a team at CommScope who’s #1 priority is to deliver outstanding customer experience by solving tough business challenges with innovative solutions that accelerate employee and customer success. We are looking for an experienced Unified Communication Analyst to join the team in taking a first-principles approach to the evaluation, design, and implementation of CommScope’s Collaboration related business activities along with support of various IT initiatives. Our current product portfolio includes Cisco Call Manager, Unity Connection, Video / Telepresence, Webex, Collaboration Edge and Call centers, and you’ll need to know some of these to be successful, but we’re hoping you can bring new things to our attention as well!

Who You Are:

A successful candidate is:
Customer focused: Dedicated to understanding customer needs and applying architectural and vertical expertise to multi-functional teams to drive alignment on decisions
Technical Liaison: Technical knowledge with the ability to understand and connect end user or business-related issues with optimal solutions that can be implemented in the environment to accelerate value
Team Player & Influencer: Work across internal and external teams of all levels to encourage technical implementation.
Business Aware: Strong business insight with a clear understanding of high-level business landscape including key strategic priorities, processes, and marketplace
Duties and Responsibilities:

Unified Communication Analyst assists with design, plans for implementation of UC solutions, optimizes processes to improve operational efficiencies, and establishes and documents standards for UC Infrastructure within the Data Centers, Manufacturing plants, and Administrative locations. You will also have the following responsibilities, including but not limited to:
Designs, engineers and manages complex system related communications routing protocols to support Corporate Plans Dial Plan (E164), Call Control principles, Complex Call Routing, Inter-system Dialing, Carrier SIP, Inter-system SIP integration
Designs, engineers and manages Contact Center Call Scripts, IVR prompts and Menu Service Messaging to support all Contact Center and Self-Service operations
Evaluates, tests, recommends and implements specific UC network solutions
Investigates and resolves problems, inefficiencies and enhances UC network performance.
Provides strategic planning and technical support to determine UC business needs within the organization
Plans, manages and provides leadership on project teams, including identification of the project scope, objectives and managing the process for timely project completion.
Creates and maintains all UC network documentation reflecting UC topology diagrams, system and operational standards and utilization of metrics necessary to troubleshoot and maintain a high-level of system performance as well as perform growth and planning needs to ensure system availability
Researches new technologies to improve efficiencies, conducts business case studies to justify need for technology while providing ongoing information to management, peers and customers regarding enhancements and innovations
Manages and supports complex UC problems with vendors and other team members
Required Experience:
5+ years in a technical leadership role supporting in house platforms5+ years configuring and supporting complex Cisco solutions
Advanced technical knowledge of the Cisco Unified Communications Suite including:
Unified Communications Manager (CUCM) routing, call control, and media resources
Cisco CUBE configuration including dial peers, URI dial peers, carrier SIP trunking and translations.
CUCM best practices and Complex dial plan management
CUCM hunt groups, partitions and search spaces; including how to apply them in different scenarios
Troubleshoot complex call flow between endpoints
Capture, read and decipher SIP signaling communication between devices
Cisco Contact Center Express
Cisco Emergency Responder (E911)
Cisco UCS hardware platforms, including Cisco CIMC
Cisco Expressway including routing/search rules, MRA and Jabber
Cisco Telepresence with various video endpoints and Webex
ITIL service management framework and practices
CCNP Collaboration or Voice required
Preferred Experience:
Bachelor’s degree in information systems, Computer Science or Computer Engineering.
Experience with VMware, vCenter and virtualization technologies.
Experience with UCCE and 3rd party products such as Calabrio, ICM/CVP Scripting
Experience in CRM (Salesforce, MS Dynamics, ServiceNow) integration with call center.
Experience in Python, PowerShell, Pearl and working with APIs desired.
It is the policy of CommScope to provide Equal Employment Opportunities to all individuals based on merit, qualifications and abilities. CommScope does not discriminate in employment opportunities or practices on the basis of race, color, religion, gender (including pregnancy), national origin, age or any other characteristics as protected by law. Furthermore, this contractor and subcontractor shall abide by the requirements of 41 CFR 60-300.5(a) and 41 CFR 60-741.5(a). These regulations prohibit discrimination against qualified protected veterans and qualified individuals on the basis of disability, and require affirmative action by covered prime contractors and subcontractors to employ and advance in employment qualified protected veterans and qualified individuals with disabilities.

United States;United States : Georgia || United States : Texas;United States : Georgia : Suwanee || United States : Texas : Richardson",3.4,"CommScope Inc.
3.4","Richardson, NC","Hickory, NC",10000+ employees,1965,Company - Public,Telecommunications Manufacturing,Telecommunications,$2 to $5 billion (USD),-1
9,Sr. Analyst of Paid Social Media,-1,"PURPOSE OF ROLE:
The primary purpose of the Paid Media Sr. Analyst is to support the Paid Media Manager by delivering the daily execution and optimization of digital marketing campaigns. The Paid Media Sr. Analyst will support all aspects of digital marketing channel and campaign management, including day to day campaign stewardship, vendor partnership planning and collaboration, competitive tracking and insight, and campaign performance recaps and communication. The Paid Media Sr. Analyst is responsible for manage campaigns to weekly and monthly budget goals, and will analyze performance data and provide appropriate action plans based on conclusions. This role leverages digital marketing channels to drive in-store and online traffic, deliver total company metrics and optimize ROI for maximum profitability by creating programs from concept to design, or optimizing current programs. Responsibilities include but are not limited to, collaboration on creative and ad copy strategies, determining target audiences based on business needs, preferences or behaviors, monitoring data and data process flows, product feed management, scheduling campaigns (both recurring or ad hoc), tracking results, working with internal tools/processes and external vendors. The Paid Media Sr. Analyst will be knowledgeable about database management and can understand and build programs that involve multiple variables delivered through a variety of sources.

RESPONSIBILITY STATEMENTS:
Reviews competitive market data across marketing channels to influence future project work; Stays up-to-date on industry best practices to infuse into current campaigns as needed.
Indirect oversight of marketing budget for programs; responsible for delivering projects across the organization on time, on budget and on brand.
Responsible for daily campaign execution, stewardship and optimization of digital campaigns in respective channel (Google, Facebook, Bing, Instagram, Twitter, Pinterest).
Develops and implements digital marketing campaigns that support enterprise business objectives across paid digital marketing channels.
Executes A/B testing initiatives to drive improvement in campaign efficiency and effectiveness.
Manages multiple projects and stakeholders to prioritize projects with the most impact on operational goals; helps to influence decisions across the organization to drive consumer relevance and engagement.
Designs and implements processes that solve complex organizational problems from start to finish with limited input; ability to self-start and self-motivate themselves and cross functional team members.
REQUIRED EDUCATION/EXPERIENCE:
Bachelor's Degree in Business, Marketing, Communications or Related Field.
1-3 years experience in Marketing or Related Field.
PREFERRED EDUCATION/EXPERIENCE:
1-3 years retail Experience.
1-3 years Digital Marketing Experience.
Job Type: Full-time

Experience:
Paid Media: 2 years (Preferred)
Education:
Bachelor's (Required)
Work authorization:
United States (Required)
Application Question:
What platforms are you familiar and experienced with executing Paid Media campaigns?
Work Location:
One location
Benefits:
Health insurance
Dental insurance
Vision insurance
Retirement plan
Paid time off
This Company Describes Its Culture as:
Detail-oriented -- quality and precision-focused
Aggressive -- competitive and growth-oriented
Outcome-oriented -- results-focused with strong performance culture
Team-oriented -- cooperative and collaborative
Schedule:
Monday to Friday",2.8,"Ettain Group
2.8","Mooresville, NC","Charlotte, NC",1001 to 5000 employees,1996,Company - Private,Staffing & Outsourcing,Business Services,Unknown / Non-Applicable,-1
10,ADA / Accessibility Tester / Analyst,-1,"RESPONSIBILITIES:

Kforce has a client in search of an ADA/Accessibility Tester/Analyst in Charlotte, NC.

Summary:
The Accessibility Analyst will work with clients to test and validate user interfaces against accessibility requirements and consult on the effective technical implementation of digital accessibility requirements in client systems.

Duties Include:
Individual contributor
Testing (manual & automated) of any new vendor prospects or existing digital properties
Manage automated reporting in dashboard (per assigned segment)
Track & report repeat non-conformance features or functionality that require solutions for the enterprise or segments
Provide assistive tech/product support for internal and client facing levels
Approve project workflows related accessibility efforts and testing for final reporting and recording
Create standards for testing tools, methodologies and standards
Ensures all ADA tools are standards and used for the QA Testing teams to use (i.e.; WAVE, CrownPeak or other vendor automated applications)
Manage and prioritize criticality of issues log
Testing: The Accessibility Analyst will test client's systems against specific manual and assistive technology tools; The Accessibility Analyst will enter test results into Level Access's Accessibility Management Platform (AMP) the industry's first on-demand solution that integrates the business and technical aspects of complying with regulations, such as Section 508, the ADA, and the Web Content Accessibility Guidelines 2.0
Remediation: The Accessibility Analyst will be required to provide realistic technical guidance to clients that can be integrated into current or new user interfaces
Test Set Definition: The Accessibility Analyst will work with the client to determine the boundaries of the testing environment by identifying a representative test set of the user interface components found in the client's system
REQUIREMENTS:
Bachelor's degree in a related area and/or equivalent combination of education, training/experience in web accessibility analysis and remediation
2+ years of progressively responsible experience with ADA compliance
2+ years of experience with alternative media production, web accessibility or assistive technology
The ideal candidate will have significant experience working with HTML, CSS, and JavaScript, and will possess strong verbal and written communication skills
Start your career off on the right foot with one of 'America's Top 500 Companies', as awarded by Forbes. Our client is known as a place where people feel included, valued, supported and respected. Innovative thinking and industry-leading technology allow their associates to thrive and grow in their careers. And with a priority placed on their culture and company principles, their commitment to diversity, ethics and the communities in which they operate is their driving force.

Kforce is an Equal Opportunity/Affirmative Action Employer. All qualified applicants will receive consideration for employment without regard to race, color, religion, sex, pregnancy, sexual orientation, gender identity, national origin, age, protected veteran status, or disability status.",4.1,"Kforce
4.1","Charlotte, NC","Tampa, FL",10000+ employees,1966,Company - Public,Staffing & Outsourcing,Business Services,$1 to $2 billion (USD),-1
11,SEO Analyst,-1,"Devada is committed to empowering developers. Our mission is to harness the incredible power of technology and bring developer practitioners, advocates, and inspiring novices alike together in community through our product and platform offerings. Recognizing that developers sit at the hub of innovation in many different kinds of companies, we offer solutions that drive knowledge sharing, foster communities for collaboration, and facilitate learning and growth.

Since 2005, Devada has been empowering developers to learn, share, grow, and succeed via the technology-specific web communities we enable. Our media property, DZone.com, is one of the world's largest communities of user-contributed technical learning resources. DZone.com is visited by millions of developers each month who utilize the site to learn and share insights and best practices on software tools, technologies and best practices.

Do you have a passion for working with talented people as well as curating, optimizing, and publishing compelling content for a global audience of software professionals? Do you want to help drive the strategy behind unique content that educates developers, improves organic search visibility, and builds trust in the DZone brand? Devada is hiring an SEO Analyst to join our growing DZone.com Editorial team, which drives all content related activities for our community of software developers around the world.

Editorial excellence and search optimization of web content are always on your brain. You will be expected to learn what topics align best to target audiences of the brand. This role will implement the functional search optimization strategy and monitor content performance to ensure overall strategic business goals are met. This role will work closely with members of the Editorial team to optimize search engine content that drives viewers directly back to DZone.com

What You Will Do:
Perform keyword research in coordination with content strategy objectives to optimize existing and future content
Monitor and administer web analytics dashboards, reports and key reporting tools, and point out key areas of importance in accordance with content objectives
Monitor and evaluate search results and search performance across the major search channels
Utilize tools to perform keyword research and ensure growth of DZone.com's targeted keyword portfolio
Collaborate closely with the editorial team to implement best practices in SEO, improve organic search, and ensure strategic business goals are being met
Develop editorial standards, guidelines, and processes so content meets contributory guidelines
Edit, revise and reformat content to publish on a daily schedule
What We Look For:
Minimum of 5 years' experience combination of editing and building strategy of online content for one or more consumer websites (as a web editor, managing editor or similar).
Bachelor's degree in journalism, communications, English, or related field of study, or commensurate experience preferred.
Exceptional organizational and project management skills. Proven experience working with large scale, fast paced content production.
Self-Starter with journalistic curiosity who learns quickly and is willing and eager to adapt with the business.
Must understand how to clearly communicate requirements to contributors, colleagues, and vendors.
Knowledgeable in SEO and user-generated content.
Excellent grammar and punctuation skills with strong abilities to write and edit copy under publication deadlines.
Understands needs of online publishing, including HTML, CSS formatting, and Content Management Systems (CMS
In tune with competitive and editorial landscape in our market (developer communities and producers of technical publications)
Preferred but not required:
Prior experience or work with a digital media company
Experience in editing for web channels
Working for Devada

At Devada, ""developer"" is in our DNA. Our products and services are specifically focused on building and supporting great online communities for software developers to learn and share knowledge. Our software platform, AnswerHub, is used by the world's largest development organizations to give both internal developers and partners a place to share technical knowledge. Our media property, DZone.com, is home to one of the world's largest online communities for developers.

We're growing fast, but we are determined that each and every person has the opportunity to make a difference for our company and our customers each and every day. We encourage creativity and collaboration and thrive on continuous improvement. We hire purposefully for passion, self-motivation, intelligence, curiosity and adaptability.

Devada has been listed in the Inc. 5000's list of fastest growing private companies for five years running, and we are seeking great people to help us continue our rapid growth. We are headquartered in Research Triangle Park, North Carolina.",3.7,"DZone
3.7","Research Triangle Park, NC","Research Triangle Park, NC",51 to 200 employees,2005,Company - Private,Enterprise Software & Network Solutions,Information Technology,$10 to $25 million (USD),-1
12,Technical SEO Analyst (Remote - Fluent in English),-1,"Why You Should Apply

Our company is devoted to winning for clients, and our team members. You will work side by side top talent within a company that has a fun, fast-paced culture. We listen to your ideas and use them.

We provide training and opportunities for growth, all while working from home as our team is 100% remote. You will receive competitive pay, paid time off, paid holidays, full medical, dental and vision coverage, as well as other benefits.

Full-time employees have the option of taking a half day on Fridays as long as they have put in 40 hours for the week and all of their work is completed. Full-time employees are also eligible for quarterly profit sharing bonuses after 12 months of employment.

If you are organized, a solid communicator, motivated to succeed for clients and have the experience we are looking for, we would love to have you apply today!


Position Overview

The primary role of the Technical SEO Specialist is to analyze and execute search engine optimization campaigns for a small portfolio of client websites. This must be done within a defined scope, time and cost based on the requirements and constraints of specific campaigns.

The Technical SEO Specialist works closely with the Marketing Analyst, Digital Strategist and Digital Marketing Manager to consistently improve client ROI. While the primary focus of the role is on complete SEO-based work, conversion rate optimization (CRO) is also a part of the role.

Although this is primarily a technical role, you will be required to attend all internal meetings and the occasional video call with clients.


What You Will Do

Work closely within a team to provide value to clients
Complete all assigned technical SEO tasks
Execute tests, collect and analyze data and results, identify trends and insights in order to achieve maximum ROI in paid search campaigns
Track, report, and analyze website analytics and social media and campaigns
Manage campaign expenses, staying on budget, estimating monthly costs and reconciling discrepancies
Optimize copy and landing pages for search engine optimization
Perform ongoing keyword discovery, expansion and optimization
Research and implement search engine optimization recommendations
Research and analyze competitor websites and online presence
Develop and implement link building strategy
Work with the development team to ensure SEO best practices are properly implemented on newly developed code
Work with editorial and marketing teams to drive SEO in content creation and content programming
Recommend changes to website architecture, content, linking and other factors to improve SEO positions for target keywords


What We’re Looking For

""A"" players
Proactivity, ownership, confidence and motivation to grow
Ability to create digital marketing strategies and break them down to the task level
An ability to stay organized, meet multiple deadlines and pay attention to details in an open, fast-paced and entrepreneurial environment
Proven technical SEO experience
Experience with A/B and multivariate experiments
A true love of organization and keeping things organized
Data driven thinking as this is a very technical and data rich environment
Excellent communication skills - within the team, other departments and with external clients
Experience with optimizing WordPress websites
Ability to follow up on tasks so they get completed, without nagging team members
In-depth experience with common SEO tools (Google Analytics, Google Search Console, SEMrush, Ahrefs, Majestic, Moz, DeepCrawl, etc)
Knowledge of ranking factors and search engine algorithms
Manage client budgets and campaign resources
Microsoft Excel and Google Sheets for data analysis including function mastery and pivot tables
Ability to create and help the team execute on digital marketing strategies
Experience working in the digital marketing and SEO industry
Solid understanding of performance marketing, conversion, and online customer acquisition
Ability to manage multiple campaign projects, clients and deadlines
Understanding of the legal industry and how law firms work is a plus
Up-to-date with the latest trends and best practices in SEO, SEM, PPC and social media
Working knowledge of HTML, CSS, and JavaScript development and constraints
Experience with Agile project management methodologies (Scrum, Kanban, etc) is a plus
A quiet dedicated home work environment with reliable high-speed internet access


What We Offer

A competitive salary based on your experience.
A great PTO package.
Quarterly profit-sharing bonuses and 401k participation after your first year of employment.
Health insurance benefits after your first 60 days with options for dental and vision.
Opportunities for career growth and advancement within the company
In-house training and professional development through seminars and conferences (tell us what you want to learn, and we’ll give you our support)
Our annual company conference, with training sessions, team-building activities, contests with fun prizes (an Amazon Echo or iPad, for instance), outstanding meals and highly competitive softball and bowling tournaments.
The opportunity to work with passionate, determined online marketing experts from across the country and around the globe who bring not only their talents to the table but their unique personalities and interests as well.


To apply, visit the Consultwebs Careers page.",4.3,"Consultwebs.com Inc.
4.3","Raleigh, NC","Raleigh, NC",51 to 200 employees,1999,Company - Private,Advertising & Marketing,Business Services,Unknown / Non-Applicable,-1
13,Analyst - Metals and Chemistry,-1,"ABOUT MICROBAC

Microbac serves our clients with the utmost expertise and respect for their market requirements, constraints and challenges. We embody a company-wide commitment to exceptional customer experience, which has been refined over nearly 50 years of trusted, analytical and measurement experience.

Through our network of laboratories, offices, and field services, we have the flexibility to meet the unique requirements for each client, project and scope.

As a privately held third-party testing company, Microbac operates with a commitment to safety, quality and compliance. Our diverse work portfolio includes broad accreditation offerings and tested insights across the environmental, food and nutrition and life science markets.

JOB SUMMARY

The Analyst I, working in an accredited commercial laboratory, provides a variety of routine scientific tasks under close supervision. Receives specific and detailed instructions as to required tasks and results expected.

ESSENTIAL FUNCTIONS
Following established SOP's and adhering to state, federal and other accrediting body requirements, prepare and process samples, and collect information about the composition of substances to support the analytical testing needs of clients, for such purposes as quantitative analysis, and product development
Prepare necessary standards, solutions, reagents, media, and samples for sample analyses
Utilize specialized laboratory equipment and instrumentation to process and analyze samples
Perform equipment and instrumentation set up
Accurately record observations and data and basic interpretation of data
Maintain the integrity of procedures and record professional activity for peer review
Monitor and address sample backlog issues
Maintain accurate, up to date logs, notebooks and equipment records
Perform necessary laboratory administrative functions such as filing paperwork, photocopying, reviewing of data, and entering data into computerized LIMS
Comply with and promote Safety, and Quality programs
MINIMUM REQUIREMENTS
Bachelor's degree with a major in an applied science from a four-year college or university; or two to three years related experience; or equivalent combination of education and experience.
Basic knowledge of principles, terminology, practices, techniques and instrumentation commonly used in a laboratory setting
Ability to effectively prioritize work and manage time to meet deadlines and rush orders
Computer literacy
Ability to work with delicate laboratory equipment
Ability to communicate effectively in both written and verbal formats
WORKING CONDITIONS AND PHYSICAL REQUIREMENTS

The physical demands described here are representative of those that must be met by an employee to successfully perform the essential functions of this job. Reasonable accommodations may be made to enable individuals with disabilities to perform the essential functions.

Physical Requirements:
While performing the duties of this job, the employee is regularly required to use hands to finger, handle, or feel objects, tools, or controls; talk or hear; and taste or smell. The employee is occasionally required to stand, walk, and sit.
The employee must regularly lift and/or move up to 25 pounds. Specific vision abilities required by this job include close vision, distance vision, color vision, peripheral vision, and depth perception.
Working Conditions:
While performing the duties of this job, the employee frequently works near moving mechanical parts and is frequently exposed to fumes or airborne particles and toxic or caustic chemicals
The noise level in the work environment is usually moderate
Microbac is an Equal Opportunity Employer Minorities/Females/Veterans/Disability/Sexual Orientation/Gender Identity

Veteran Friendly Employer

SDL2017",2.5,"Microbac
2.5","Fayetteville, NC","Pittsburgh, PA",501 to 1000 employees,1969,Company - Private,Biotech & Pharmaceuticals,Biotech & Pharmaceuticals,$100 to $500 million (USD),-1
